baby,dclm-1.0,,,,,,
baby,finemath-0.0.0,finemath-4plus,,,,,
baby,finepdfs-1.0.0,als_Latn,,,,,
baby,finepdfs-1.0.0,bos_Latn,,,,,
baby,finepdfs-1.0.0,bul_Cyrl,,,,,
baby,finepdfs-1.0.0,cat_Latn,,,,,
baby,finepdfs-1.0.0,ces_Latn,,,,,
baby,finepdfs-1.0.0,dan_Latn,,,,,
baby,finepdfs-1.0.0,deu_Latn,,,,,
baby,finepdfs-1.0.0,ekk_Latn,,,,,
baby,finepdfs-1.0.0,ell_Grek,,,,,
baby,finepdfs-1.0.0,eng_Latn,,,,,
baby,finepdfs-1.0.0,eus_Latn,,,,,
baby,finepdfs-1.0.0,fin_Latn,,,,,
baby,finepdfs-1.0.0,fra_Latn,,,,,
baby,finepdfs-1.0.0,gle_Latn,,,,,
baby,finepdfs-1.0.0,glg_Latn,,,,,
baby,finepdfs-1.0.0,hrv_Latn,,,,,
baby,finepdfs-1.0.0,hun_Latn,,,,,
baby,finepdfs-1.0.0,isl_Latn,,,,,
baby,finepdfs-1.0.0,ita_Latn,,,,,
baby,finepdfs-1.0.0,lit_Latn,,,,,
baby,finepdfs-1.0.0,lvs_Latn,,,,,
baby,finepdfs-1.0.0,mkd_Cyrl,,,,,
baby,finepdfs-1.0.0,mlt_Latn,,,,,
baby,finepdfs-1.0.0,nld_Latn,,,,,
baby,finepdfs-1.0.0,nno_Latn,,,,,
baby,finepdfs-1.0.0,nob_Latn,,,,,
baby,finepdfs-1.0.0,pol_Latn,,,,,
baby,finepdfs-1.0.0,por_Latn,,,,,
baby,finepdfs-1.0.0,ron_Latn,,,,,
baby,finepdfs-1.0.0,slk_Latn,,,,,
baby,finepdfs-1.0.0,slv_Latn,,,,,
baby,finepdfs-1.0.0,spa_Latn,,,,,
baby,finepdfs-1.0.0,srp_Cyrl,,,,,
baby,finepdfs-1.0.0,swe_Latn,,,,,
baby,finepdfs-1.0.0,tur_Latn,,,,,
baby,finepdfs-1.0.0,ukr_Cyrl,,,,,
baby,finepdfs-edu-1.0.0,als_Latn,,,,,
baby,finepdfs-edu-1.0.0,bos_Latn,,,,,
baby,finepdfs-edu-1.0.0,bul_Cyrl,,,,,
baby,finepdfs-edu-1.0.0,cat_Latn,,,,,
baby,finepdfs-edu-1.0.0,ces_Latn,,,,,
baby,finepdfs-edu-1.0.0,dan_Latn,,,,,
baby,finepdfs-edu-1.0.0,deu_Latn,,,,,
baby,finepdfs-edu-1.0.0,ekk_Latn,,,,,
baby,finepdfs-edu-1.0.0,ell_Grek,,,,,
baby,finepdfs-edu-1.0.0,eng_Latn,,,,,
baby,finepdfs-edu-1.0.0,eus_Latn,,,,,
baby,finepdfs-edu-1.0.0,fin_Latn,,,,,
baby,finepdfs-edu-1.0.0,fra_Latn,,,,,
baby,finepdfs-edu-1.0.0,glg_Latn,,,,,
baby,finepdfs-edu-1.0.0,hrv_Latn,,,,,
baby,finepdfs-edu-1.0.0,hun_Latn,,,,,
baby,finepdfs-edu-1.0.0,isl_Latn,,,,,
baby,finepdfs-edu-1.0.0,ita_Latn,,,,,
baby,finepdfs-edu-1.0.0,lit_Latn,,,,,
baby,finepdfs-edu-1.0.0,lvs_Latn,,,,,
baby,finepdfs-edu-1.0.0,mkd_Cyrl,,,,,
baby,finepdfs-edu-1.0.0,mlt_Latn,,,,,
baby,finepdfs-edu-1.0.0,nld_Latn,,,,,
baby,finepdfs-edu-1.0.0,nno_Latn,,,,,
baby,finepdfs-edu-1.0.0,nob_Latn,,,,,
baby,finepdfs-edu-1.0.0,pol_Latn,,,,,
baby,finepdfs-edu-1.0.0,por_Latn,,,,,
baby,finepdfs-edu-1.0.0,ron_Latn,,,,,
baby,finepdfs-edu-1.0.0,slk_Latn,,,,,
baby,finepdfs-edu-1.0.0,slv_Latn,,,,,
baby,finepdfs-edu-1.0.0,spa_Latn,,,,,
baby,finepdfs-edu-1.0.0,srp_Cyrl,,,,,
baby,finepdfs-edu-1.0.0,swe_Latn,,,,,
baby,finepdfs-edu-1.0.0,tur_Latn,,,,,
baby,finepdfs-edu-1.0.0,ukr_Cyrl,,,,,
baby,hplt-3.0,als_Latn,,,,,
baby,hplt-3.0,bos_Latn,,,,,
baby,hplt-3.0,bul_Cyrl,,,,,
baby,hplt-3.0,cat_Latn,,,,,
baby,hplt-3.0,ces_Latn,,,,,
baby,hplt-3.0,dan_Latn,,,,,
baby,hplt-3.0,deu_Latn,,,,,
baby,hplt-3.0,ekk_Latn,,,,,
baby,hplt-3.0,ell_Grek,,,,,
baby,hplt-3.0,eus_Latn,,,,,
baby,hplt-3.0,fin_Latn,,,,,
baby,hplt-3.0,fra_Latn,,,,,
baby,hplt-3.0,gle_Latn,,,,,
baby,hplt-3.0,glg_Latn,,,,,
baby,hplt-3.0,hrv_Latn,,,,,
baby,hplt-3.0,hun_Latn,,,,,
baby,hplt-3.0,isl_Latn,,,,,
baby,hplt-3.0,ita_Latn,,,,,
baby,hplt-3.0,lit_Latn,,,,,
baby,hplt-3.0,lvs_Latn,,,,,
baby,hplt-3.0,mkd_Cyrl,,,,,
baby,hplt-3.0,mlt_Latn,,,,,
baby,hplt-3.0,nld_Latn,,,,,
baby,hplt-3.0,nno_Latn,,,,,
baby,hplt-3.0,nob_Latn,,,,,
baby,hplt-3.0,pol_Latn,,,,,
baby,hplt-3.0,por_Latn,,,,,
baby,hplt-3.0,ron_Latn,,,,,
baby,hplt-3.0,slk_Latn,,,,,
baby,hplt-3.0,slv_Latn,,,,,
baby,hplt-3.0,spa_Latn,,,,,
baby,hplt-3.0,srp_Cyrl,,,,,
baby,hplt-3.0,swe_Latn,,,,,
baby,hplt-3.0,tur_Latn,,,,,
baby,hplt-3.0,ukr_Cyrl,,,,,
baby,megamath-0.0.0,megamath-text-code-block,,,,,
baby,megamath-0.0.0,megamath-web-pro,,,,,
baby,nemotron-cc-1.0,high/actual,,,,,
baby,nemotron-cc-1.0,medium/actual,,,,,
baby,nemotron-cc-1.0,medium-high/actual,,,,,
baby,nemotron-cc-opus-1.1,bos_Latn,,,,,
baby,nemotron-cc-opus-1.1,bul_Cyrl,,,,,
baby,nemotron-cc-opus-1.1,cat_Latn,,,,,
baby,nemotron-cc-opus-1.1,ces_Latn,,,,,
baby,nemotron-cc-opus-1.1,ell_Grek,,,,,
baby,nemotron-cc-opus-1.1,est_Latn,,,,,
baby,nemotron-cc-opus-1.1,eus_Latn,,,,,
baby,nemotron-cc-opus-1.1,gle_Latn,,,,,
baby,nemotron-cc-opus-1.1,glg_Latn,,,,,
baby,nemotron-cc-opus-1.1,hrv_Latn,,,,,
baby,nemotron-cc-opus-1.1,lav_Latn,,,,,
baby,nemotron-cc-opus-1.1,lit_Latn,,,,,
baby,nemotron-cc-opus-1.1,mkd_Cyrl,,,,,
baby,nemotron-cc-opus-1.1,mlt_Latn,,,,,
baby,nemotron-cc-opus-1.1,slk_Latn,,,,,
baby,nemotron-cc-opus-1.1,slv_Latn,,,,,
baby,nemotron-cc-opus-1.1,sqi_Latn,,,,,
baby,nemotron-cc-opus-1.1,srp_Cyrl,,,,,
baby,nemotron-cc-opus-1.1,tur_Latn,,,,,
baby,nemotron-cc-tower+-0.1,parallel/tower72b/deu_Latn,,,,,
baby,nemotron-cc-tower+-0.1,parallel/tower72b/fin_Latn,,,,,
baby,nemotron-cc-tower+-0.1,parallel/tower72b/ita_Latn,,,,,
baby,nemotron-cc-tower+-0.1,parallel/tower72b/spa_Latn,,,,,
baby,nemotron-cc-tower+-0.1,parallel/tower72b/swe_Latn,,,,,
baby,nemotron-cc-tower+-0.1,parallel/tower9b/dan_Latn,,,,,
baby,nemotron-cc-tower+-0.1,parallel/tower9b/fra_Latn,,,,,
baby,nemotron-cc-tower+-0.1,parallel/tower9b/hun_Latn,,,,,
baby,nemotron-cc-tower+-0.1,parallel/tower9b/isl_Latn,,,,,
baby,nemotron-cc-tower+-0.1,parallel/tower9b/nld_Latn,,,,,
baby,nemotron-cc-tower+-0.1,parallel/tower9b/nno_Latn,,,,,
baby,nemotron-cc-tower+-0.1,parallel/tower9b/nob_Latn,,,,,
baby,nemotron-cc-tower+-0.1,parallel/tower9b/pol_Latn,,,,,
baby,nemotron-cc-tower+-0.1,parallel/tower9b/por_Latn,,,,,
baby,nemotron-cc-tower+-0.1,parallel/tower9b/ron_Latn,,,,,
baby,nemotron-cc-tower+-0.1,parallel/tower9b/ukr_Cyrl,,,,,
baby,olmo-mix-1124,arxiv,,,,,
baby,olmo-mix-1124,pes2o,,,,,
baby,olmo-mix-1124,wiki,,,,,
baby,starcoder-0.0.0,,,,,,
flag,agenttrove-0.0,data,,,,,
flag,common-pile-stackv2-0.1,documents,,,,,
flag,common-pile-stackv2-edu-0.1,documents,,,,,
flag,dclm-1.0,,,,,,
flag,dochplt-3.1,bos_Latn-eng_Latn,,,,,
flag,dochplt-3.1,bul_Cyrl-eng_Latn,,,,,
flag,dochplt-3.1,cat_Latn-eng_Latn,,,,,
flag,dochplt-3.1,ces_Latn-eng_Latn,,,,,
flag,dochplt-3.1,dan_Latn-eng_Latn,,,,,
flag,dochplt-3.1,ell_Grek-eng_Latn,,,,,
flag,dochplt-3.1,eng_Latn-est_Latn,,,,,
flag,dochplt-3.1,eng_Latn-eus_Latn,,,,,
flag,dochplt-3.1,eng_Latn-fin_Latn,,,,,
flag,dochplt-3.1,eng_Latn-gle_Latn,,,,,
flag,dochplt-3.1,eng_Latn-glg_Latn,,,,,
flag,dochplt-3.1,eng_Latn-hrv_Latn,,,,,
flag,dochplt-3.1,eng_Latn-hun_Latn,,,,,
flag,dochplt-3.1,eng_Latn-isl_Latn,,,,,
flag,dochplt-3.1,eng_Latn-lav_Latn,,,,,
flag,dochplt-3.1,eng_Latn-lit_Latn,,,,,
flag,dochplt-3.1,eng_Latn-mkd_Cyrl,,,,,
flag,dochplt-3.1,eng_Latn-mlt_Latn,,,,,
flag,dochplt-3.1,eng_Latn-nno_Latn,,,,,
flag,dochplt-3.1,eng_Latn-nob_Latn,,,,,
flag,dochplt-3.1,eng_Latn-ron_Latn,,,,,
flag,dochplt-3.1,eng_Latn-slk_Latn,,,,,
flag,dochplt-3.1,eng_Latn-slv_Latn,,,,,
flag,dochplt-3.1,eng_Latn-sqi_Latn,,,,,
flag,dochplt-3.1,eng_Latn-srp_Cyrl,,,,,
flag,dochplt-3.1,eng_Latn-tur_Latn,,,,,
flag,dochplt-3.1,eng_Latn-ukr_Cyrl,,,,,
flag,dolmino-mix-100b-1125,ingredient2-cranecode,,,,,
flag,dolmino-mix-100b-1125,ingredient2-cranemath,,,,,
flag,dolmino-mix-100b-1125,ingredient2-dolmino-math,,,,,
flag,dolmino-mix-100b-1125,ingredient2-megamatt,,,,,
flag,dolmino-mix-100b-1125,ingredient2-omr-rewrite-fullthoughts,,,,,
flag,dolmino-mix-100b-1125,ingredient2-program_verifiable,,,,,
flag,dolmino-mix-100b-1125,ingredient2-stack_edu-fim,,,,,
flag,dolmino-mix-100b-1125,ingredient2-tinymath-mind,,,,,
flag,finemath-0.0.0,finemath-3plus,,,,,
flag,fineopus-filtered-0.4,eng_Latn-als_Latn,,,,,
flag,fineopus-filtered-0.4,eng_Latn-bul_Cyrl,,,,,
flag,fineopus-filtered-0.4,eng_Latn-cat_Latn,,,,,
flag,fineopus-filtered-0.4,eng_Latn-ces_Latn,,,,,
flag,fineopus-filtered-0.4,eng_Latn-dan_Latn,,,,,
flag,fineopus-filtered-0.4,eng_Latn-deu_Latn,,,,,
flag,fineopus-filtered-0.4,eng_Latn-ekk_Latn,,,,,
flag,fineopus-filtered-0.4,eng_Latn-ell_Grek,,,,,
flag,fineopus-filtered-0.4,eng_Latn-est_Latn,,,,,
flag,fineopus-filtered-0.4,eng_Latn-eus_Latn,,,,,
flag,fineopus-filtered-0.4,eng_Latn-fin_Latn,,,,,
flag,fineopus-filtered-0.4,eng_Latn-fra_Latn,,,,,
flag,fineopus-filtered-0.4,eng_Latn-gle_Latn,,,,,
flag,fineopus-filtered-0.4,eng_Latn-glg_Latn,,,,,
flag,fineopus-filtered-0.4,eng_Latn-hrv_Latn,,,,,
flag,fineopus-filtered-0.4,eng_Latn-hun_Latn,,,,,
flag,fineopus-filtered-0.4,eng_Latn-isl_Latn,,,,,
flag,fineopus-filtered-0.4,eng_Latn-ita_Latn,,,,,
flag,fineopus-filtered-0.4,eng_Latn-lav_Latn,,,,,
flag,fineopus-filtered-0.4,eng_Latn-lit_Latn,,,,,
flag,fineopus-filtered-0.4,eng_Latn-ltg_Latn,,,,,
flag,fineopus-filtered-0.4,eng_Latn-lvs_Latn,,,,,
flag,fineopus-filtered-0.4,eng_Latn-mkd_Cyrl,,,,,
flag,fineopus-filtered-0.4,eng_Latn-mlt_Latn,,,,,
flag,fineopus-filtered-0.4,eng_Latn-nld_Latn,,,,,
flag,fineopus-filtered-0.4,eng_Latn-nno_Latn,,,,,
flag,fineopus-filtered-0.4,eng_Latn-nob_Latn,,,,,
flag,fineopus-filtered-0.4,eng_Latn-pol_Latn,,,,,
flag,fineopus-filtered-0.4,eng_Latn-por_Latn,,,,,
flag,fineopus-filtered-0.4,eng_Latn-ron_Latn,,,,,
flag,fineopus-filtered-0.4,eng_Latn-slk_Latn,,,,,
flag,fineopus-filtered-0.4,eng_Latn-slv_Latn,,,,,
flag,fineopus-filtered-0.4,eng_Latn-spa_Latn,,,,,
flag,fineopus-filtered-0.4,eng_Latn-srp_Cyrl,,,,,
flag,fineopus-filtered-0.4,eng_Latn-srp_Latn,,,,,
flag,fineopus-filtered-0.4,eng_Latn-swe_Latn,,,,,
flag,fineopus-filtered-0.4,eng_Latn-tur_Latn,,,,,
flag,fineopus-filtered-0.4,eng_Latn-ukr_Cyrl,,,,,
flag,finepdfs-1.0.0,als_Latn,pdf,,,,
flag,finepdfs-1.0.0,bos_Latn,pdf,,,,
flag,finepdfs-1.0.0,bul_Cyrl,pdf,,,,
flag,finepdfs-1.0.0,cat_Latn,pdf,,,,
flag,finepdfs-1.0.0,ces_Latn,pdf,,,,
flag,finepdfs-1.0.0,dan_Latn,pdf,,,,
flag,finepdfs-1.0.0,deu_Latn,pdf,,,,
flag,finepdfs-1.0.0,ekk_Latn,pdf,,,,
flag,finepdfs-1.0.0,ell_Grek,pdf,,,,
flag,finepdfs-1.0.0,eus_Latn,pdf,,,,
flag,finepdfs-1.0.0,fin_Latn,pdf,,,,
flag,finepdfs-1.0.0,fra_Latn,pdf,,,,
flag,finepdfs-1.0.0,gle_Latn,pdf,gle_Latn,790651129.987535,2.62933623778559,
flag,finepdfs-1.0.0,glg_Latn,pdf,,,,
flag,finepdfs-1.0.0,hrv_Latn,pdf,,,,
flag,finepdfs-1.0.0,hun_Latn,pdf,,,,
flag,finepdfs-1.0.0,isl_Latn,pdf,,,,
flag,finepdfs-1.0.0,ita_Latn,pdf,,,,
flag,finepdfs-1.0.0,lit_Latn,pdf,,,,
flag,finepdfs-1.0.0,lvs_Latn,pdf,,,,
flag,finepdfs-1.0.0,mkd_Cyrl,pdf,,,,
flag,finepdfs-1.0.0,mlt_Latn,pdf,mlt_Latn,205016134.545486,0.277900251493335,
flag,finepdfs-1.0.0,nld_Latn,pdf,,,,
flag,finepdfs-1.0.0,nno_Latn,pdf,nno_Latn,323453395.249642,0.948891671103998,
flag,finepdfs-1.0.0,nob_Latn,pdf,,,,
flag,finepdfs-1.0.0,pol_Latn,pdf,,,,
flag,finepdfs-1.0.0,por_Latn,pdf,,,,
flag,finepdfs-1.0.0,ron_Latn,pdf,,,,
flag,finepdfs-1.0.0,slk_Latn,pdf,,,,
flag,finepdfs-1.0.0,slv_Latn,pdf,,,,
flag,finepdfs-1.0.0,spa_Latn,pdf,,,,
flag,finepdfs-1.0.0,srp_Cyrl,pdf,,,,
flag,finepdfs-1.0.0,swe_Latn,pdf,,,,
flag,finepdfs-1.0.0,tur_Latn,pdf,,,,
flag,finepdfs-1.0.0,ukr_Cyrl,pdf,,,,
flag,finepdfs-edu-1.0.0,als_Latn,pdf,als_Latn,888828008.711148,1.88178566599587,
flag,finepdfs-edu-1.0.0,bos_Latn,pdf,bos_Latn,956897311.29286,0.974471777267722,
flag,finepdfs-edu-1.0.0,bul_Cyrl,pdf,bul_Cyrl,1259936610.28642,1.01139673838808,
flag,finepdfs-edu-1.0.0,cat_Latn,pdf,cat_Latn,1128706849.05919,0.98244544119287,
flag,finepdfs-edu-1.0.0,ces_Latn,pdf,ces_Latn,1416037847.45698,0.348007652975514,
flag,finepdfs-edu-1.0.0,dan_Latn,pdf,dan_Latn,994204525.207835,0.591262564980221,
flag,finepdfs-edu-1.0.0,deu_Latn,pdf,deu_Latn,3468916381.56782,0.206958687159707,
flag,finepdfs-edu-1.0.0,ekk_Latn,pdf,ekk_Latn,622441411.107735,1.53065647861165,
flag,finepdfs-edu-1.0.0,ell_Grek,pdf,ell_Grek,2053533046.63567,0.878276304587423,
flag,finepdfs-edu-1.0.0,eng_Latn,,,,,
flag,finepdfs-edu-1.0.0,eus_Latn,pdf,eus_Latn,770033985.455573,2.60895728552446,
flag,finepdfs-edu-1.0.0,fin_Latn,pdf,fin_Latn,1158487168.93869,0.591294677625838,
flag,finepdfs-edu-1.0.0,fra_Latn,pdf,fra_Latn,4577987854.88229,0.261517276691005,
flag,finepdfs-edu-1.0.0,glg_Latn,pdf,glg_Latn,806686686.845722,3.41910118117982,
flag,finepdfs-edu-1.0.0,hrv_Latn,pdf,hrv_Latn,1064564621.62642,0.652594187197744,
flag,finepdfs-edu-1.0.0,hun_Latn,pdf,hun_Latn,1567884753.21617,0.322125348470466,
flag,finepdfs-edu-1.0.0,isl_Latn,pdf,isl_Latn,730435977.703715,2.92175371622033,
flag,finepdfs-edu-1.0.0,ita_Latn,pdf,ita_Latn,3307906300.46109,0.324472806913985,
flag,finepdfs-edu-1.0.0,lit_Latn,pdf,lit_Latn,979805249.661706,1.11605302149923,
flag,finepdfs-edu-1.0.0,lvs_Latn,pdf,lvs_Latn,875083245.689844,1.571609208176,
flag,finepdfs-edu-1.0.0,mkd_Cyrl,pdf,mkd_Cyrl,917626559.803411,3.45164992969615,
flag,finepdfs-edu-1.0.0,mlt_Latn,pdf,mlt_Latn,770862040,8,
flag,finepdfs-edu-1.0.0,nld_Latn,pdf,nld_Latn,1944229454.99004,0.397361089037001,
flag,finepdfs-edu-1.0.0,nno_Latn,pdf,nno_Latn,329095592,8,
flag,finepdfs-edu-1.0.0,nob_Latn,pdf,nob_Latn,896682159.00904,0.690025389129438,
flag,finepdfs-edu-1.0.0,pol_Latn,pdf,pol_Latn,2133056318.4018,0.283799395203853,
flag,finepdfs-edu-1.0.0,por_Latn,pdf,por_Latn,3707486196.86621,0.288977119235925,
flag,finepdfs-edu-1.0.0,ron_Latn,pdf,ron_Latn,1597665073.09567,0.360751213900952,
flag,finepdfs-edu-1.0.0,slk_Latn,pdf,slk_Latn,1071437003.16981,0.581669880619157,
flag,finepdfs-edu-1.0.0,slv_Latn,pdf,slv_Latn,972605611.888639,1.57549934004216,
flag,finepdfs-edu-1.0.0,spa_Latn,pdf,spa_Latn,6670791653.00739,0.23449222337245,
flag,finepdfs-edu-1.0.0,srp_Cyrl,pdf,srp_Cyrl,1091072378.8818,0.567926690998584,
flag,finepdfs-edu-1.0.0,swe_Latn,pdf,swe_Latn,1346332263.56321,0.411718191887617,
flag,finepdfs-edu-1.0.0,tur_Latn,pdf,tur_Latn,1808418106.08903,0.738758553505526,
flag,finepdfs-edu-1.0.0,ukr_Cyrl,pdf,ukr_Cyrl,1462180980.45708,0.305634810241075,56667039886.8127
flag,finephrase-0.0.0,,,,,,
flag,finewiki-0.0.0,bos_Latn,,,,,
flag,finewiki-0.0.0,bul_Cyrl,,,,,
flag,finewiki-0.0.0,cat_Latn,,,,,
flag,finewiki-0.0.0,ces_Latn,,,,,
flag,finewiki-0.0.0,dan_Latn,,,,,
flag,finewiki-0.0.0,deu_Latn,,,,,
flag,finewiki-0.0.0,ell_Grek,,,,,
flag,finewiki-0.0.0,est_Latn,,,,,
flag,finewiki-0.0.0,eus_Latn,,,,,
flag,finewiki-0.0.0,fin_Latn,,,,,
flag,finewiki-0.0.0,fra_Latn,,,,,
flag,finewiki-0.0.0,gle_Latn,,,,,
flag,finewiki-0.0.0,glg_Latn,,,,,
flag,finewiki-0.0.0,hrv_Latn,,,,,
flag,finewiki-0.0.0,hun_Latn,,,,,
flag,finewiki-0.0.0,isl_Latn,,,,,
flag,finewiki-0.0.0,ita_Latn,,,,,
flag,finewiki-0.0.0,lav_Latn,,,,,
flag,finewiki-0.0.0,lit_Latn,,,,,
flag,finewiki-0.0.0,mkd_Cyrl,,,,,
flag,finewiki-0.0.0,mlt_Latn,,,,,
flag,finewiki-0.0.0,nld_Latn,,,,,
flag,finewiki-0.0.0,nor_Latn,,,,,
flag,finewiki-0.0.0,pol_Latn,,,,,
flag,finewiki-0.0.0,por_Latn,,,,,
flag,finewiki-0.0.0,ron_Latn,,,,,
flag,finewiki-0.0.0,slk_Latn,,,,,
flag,finewiki-0.0.0,slv_Latn,,,,,
flag,finewiki-0.0.0,spa_Latn,,,,,
flag,finewiki-0.0.0,sqi_Latn,,,,,
flag,finewiki-0.0.0,srp_Cyrl,,,,,
flag,finewiki-0.0.0,swe_Latn,,,,,
flag,finewiki-0.0.0,tur_Latn,,,,,
flag,finewiki-0.0.0,ukr_Cyrl,,,,,
flag,hplt-4.0,clean/als_Latn,web,als_Latn,2780227610.39687,0.134843705037315,
flag,hplt-4.0,clean/bos_Latn,web,bos_Latn,2993146367.01049,0.282265687290773,
flag,hplt-4.0,clean/bul_Cyrl,web,bul_Cyrl,3941044293.08835,0.0526164644113441,
flag,hplt-4.0,clean/cat_Latn,web,cat_Latn,3530561497.88616,0.0880321338994412,
flag,hplt-4.0,clean/ces_Latn,web,ces_Latn,4429324326.28398,0.0431753139564672,
flag,hplt-4.0,clean/dan_Latn,web,dan_Latn,3109842224.00063,0.0422205862401269,
flag,hplt-4.0,clean/deu_Latn,web,deu_Latn,10850667404.3472,0.0422659465911611,
flag,hplt-4.0,clean/ekk_Latn,web,ekk_Latn,1946978245.57248,0.0491381217622236,
flag,hplt-4.0,clean/ell_Grek,web,ell_Grek,6423390373.79985,0.0608710145918169,
flag,hplt-4.0,clean/eng_Latn/ab/,,,,,
flag,hplt-4.0,clean/eng_Latn/ccc/,,,,,
flag,hplt-4.0,clean/eng_Latn/ia/,,,,,
flag,hplt-4.0,clean/eus_Latn,web,eus_Latn,2408643434.1914,0.87254618179709,
flag,hplt-4.0,clean/fin_Latn,web,fin_Latn,3623713453.90461,0.0487565555051465,
flag,hplt-4.0,clean/fra_Latn,web,fra_Latn,14319810030.1333,0.0481172251084493,
flag,hplt-4.0,clean/gle_Latn,web,gle_Latn,2473133249.89649,2.61140233155348,
flag,hplt-4.0,clean/glg_Latn,web,glg_Latn,2523291995.44488,0.840307921064571,
flag,hplt-4.0,clean/hrv_Latn,web,hrv_Latn,3329926515.69257,0.0910633964280304,
flag,hplt-4.0,clean/hun_Latn,web,hun_Latn,4904296937.19126,0.044631665876195,
flag,hplt-4.0,clean/isl_Latn,web,isl_Latn,2284782042.12291,0.292033446242889,
flag,hplt-4.0,clean/ita_Latn,web,ita_Latn,10347032653.1265,0.0732490440678132,
flag,hplt-4.0,clean/lit_Latn,web,lit_Latn,3064801717.79392,0.0638266233787662,
flag,hplt-4.0,clean/ltg_Latn,web,ltg_Latn,1267238.14811427,0.0665823001765843,
flag,hplt-4.0,clean/lvs_Latn,web,lvs_Latn,2737234399.92682,0.0665936789604493,
flag,hplt-4.0,clean/mkd_Cyrl,web,mkd_Cyrl,2870308622.81032,0.32298850633356,
flag,hplt-4.0,clean/mlt_Latn,web,mlt_Latn,3052517943.47626,3.16984091975694,
flag,hplt-4.0,clean/nld_Latn,web,nld_Latn,6081491985.77608,0.048158058535884,
flag,hplt-4.0,clean/nno_Latn,web,nno_Latn,2041153849.45926,1.66811402813164,
flag,hplt-4.0,clean/nob_Latn,web,nob_Latn,2804795159.23691,0.0629617136162203,
flag,hplt-4.0,clean/pol_Latn,web,pol_Latn,6672136805.80518,0.0486258498038741,
flag,hplt-4.0,clean/por_Latn,web,por_Latn,11596906700.3631,0.0749174924099121,
flag,hplt-4.0,clean/ron_Latn,web,ron_Latn,4997448893.2097,0.0568248935003999,
flag,hplt-4.0,clean/slk_Latn,web,slk_Latn,3351423121.02997,0.0665068508045259,
flag,hplt-4.0,clean/slv_Latn,web,slv_Latn,3042281464.69055,0.0805457907055538,
flag,hplt-4.0,clean/spa_Latn,web,spa_Latn,20866038148.1332,0.0625970799237428,
flag,hplt-4.0,clean/srp_Cyrl,web,srp_Cyrl,3412841993.02769,0.177892126701015,
flag,hplt-4.0,clean/srp_Latn,web,srp_Latn,310258363.002517,0.183262191993359,
flag,hplt-4.0,clean/swe_Latn,web,swe_Latn,4211287330.3287,0.0485308843620273,
flag,hplt-4.0,clean/tur_Latn,web,tur_Latn,5656678120.41721,0.0473540342634757,
flag,hplt-4.0,clean/ukr_Cyrl,web,ukr_Cyrl,4573658675.71917,0.0386939897116232,177564343186.445
flag,hplt-4.0,noisy/als_Latn,,,,,
flag,hplt-4.0,noisy/bos_Latn,,,,,
flag,hplt-4.0,noisy/bul_Cyrl,,,,,
flag,hplt-4.0,noisy/cat_Latn,,,,,
flag,hplt-4.0,noisy/dan_Latn,,,,,
flag,hplt-4.0,noisy/ekk_Latn,,,,,
flag,hplt-4.0,noisy/eus_Latn,,,,,
flag,hplt-4.0,noisy/fin_Latn,,,,,
flag,hplt-4.0,noisy/gle_Latn,,,,,
flag,hplt-4.0,noisy/glg_Latn,,,,,
flag,hplt-4.0,noisy/hrv_Latn,,,,,
flag,hplt-4.0,noisy/isl_Latn,,,,,
flag,hplt-4.0,noisy/lit_Latn,,,,,
flag,hplt-4.0,noisy/ltg_Latn,,,,,
flag,hplt-4.0,noisy/lvs_Latn,,,,,
flag,hplt-4.0,noisy/mkd_Cyrl,,,,,
flag,hplt-4.0,noisy/mlt_Latn,,,,,
flag,hplt-4.0,noisy/nno_Latn,,,,,
flag,hplt-4.0,noisy/nob_Latn,,,,,
flag,hplt-4.0,noisy/ron_Latn,,,,,
flag,hplt-4.0,noisy/slk_Latn,,,,,
flag,hplt-4.0,noisy/slv_Latn,,,,,
flag,hplt-4.0,noisy/srp_Cyrl,,,,,
flag,hplt-4.0,noisy/srp_Latn,,,,,
flag,hplt-4.0,noisy/ukr_Cyrl,,,,,
flag,megamath-0.0.0,,,,,,
flag,mixture-vitae-1.0,,,,,,
flag,nemotron-cc-1.0,high/actual,,,,,
flag,nemotron-cc-1.0,medium-high/actual,,,,,
flag,nemotron-cc-opus-1.1,bos_Latn,mt,bos_Latn,2036147546.10863,0.0205828189057602,
flag,nemotron-cc-opus-1.1,bul_Cyrl,mt,bul_Cyrl,2680974026.16901,0.00924391963889774,
flag,nemotron-cc-opus-1.1,cat_Latn,mt,cat_Latn,2401734913.31349,0.0193137439006478,
flag,nemotron-cc-opus-1.1,ces_Latn,mt,ces_Latn,3013136262.65801,0.013526534867524,
flag,nemotron-cc-opus-1.1,ell_Grek,mt,ell_Grek,4369639484.21054,0.0282039038513793,
flag,nemotron-cc-opus-1.1,est_Latn,mt,est_Latn,682429752.11575,0.00255227795504812,
flag,nemotron-cc-opus-1.1,eus_Latn,mt,eus_Latn,1638527761.96771,0.0160557398654724,
flag,nemotron-cc-opus-1.1,gle_Latn,mt,gle_Latn,1682398246.0323,0.00566925242506117,
flag,nemotron-cc-opus-1.1,glg_Latn,mt,glg_Latn,1716519733.63808,0.0156224581209045,
flag,nemotron-cc-opus-1.1,hrv_Latn,mt,hrv_Latn,2265248962.89034,0.020933652765625,
flag,nemotron-cc-opus-1.1,lav_Latn,mt,lav_Latn,958883437.41162,0.00561432476069723,
flag,nemotron-cc-opus-1.1,lit_Latn,mt,lit_Latn,2084892528.40261,0.0181433560293234,
flag,nemotron-cc-opus-1.1,mkd_Cyrl,mt,mkd_Cyrl,1952584719.31894,0.0155560937072292,
flag,nemotron-cc-opus-1.1,mlt_Latn,mt,mlt_Latn,2076536245.79328,0.0153873339740944,
flag,nemotron-cc-opus-1.1,slk_Latn,mt,slk_Latn,2279872457.64817,0.0201369078015585,
flag,nemotron-cc-opus-1.1,slv_Latn,mt,slv_Latn,2069572676.8245,0.0183826305335065,
flag,nemotron-cc-opus-1.1,sqi_Latn,mt,sqi_Latn,974899645.879643,0.00559581995298953,
flag,nemotron-cc-opus-1.1,srp_Cyrl,mt,srp_Cyrl,2321653870.97338,0.0177327984177416,
flag,nemotron-cc-opus-1.1,tur_Latn,mt,tur_Latn,3848068173.66493,0.0140014634904804,
flag,nemotron-cc-tower+-0.1,parallel/tower72b/deu_Latn,mt,deu_Latn,7381383033.08872,0.0901711903523127,
flag,nemotron-cc-tower+-0.1,parallel/tower72b/fin_Latn,mt,fin_Latn,2465103390.29567,0.0264357984753716,
flag,nemotron-cc-tower+-0.1,parallel/tower72b/ita_Latn,mt,ita_Latn,7038775443.25102,0.0855407344910556,
flag,nemotron-cc-tower+-0.1,parallel/tower72b/spa_Latn,mt,spa_Latn,14194538844.0076,0.154943091467533,
flag,nemotron-cc-tower+-0.1,parallel/tower72b/swe_Latn,mt,swe_Latn,2864812245.10632,0.0319442174174859,
flag,nemotron-cc-tower+-0.1,parallel/tower9b/dan_Latn,mt,dan_Latn,2115532231.55883,0.024122227357371,
flag,nemotron-cc-tower+-0.1,parallel/tower9b/fra_Latn,mt,fra_Latn,9741336533.00737,0.0951511839168043,
flag,nemotron-cc-tower+-0.1,parallel/tower9b/hun_Latn,mt,hun_Latn,3336245859.57813,0.0334113888273061,
flag,nemotron-cc-tower+-0.1,parallel/tower9b/isl_Latn,mt,isl_Latn,1554268578.28812,0.0159660132229561,
flag,nemotron-cc-tower+-0.1,parallel/tower9b/nld_Latn,mt,nld_Latn,4137056282.97925,0.0441762288376884,
flag,nemotron-cc-tower+-0.1,parallel/tower9b/nno_Latn,mt,nno_Latn,1388535638.48857,0.0154055371457676,
flag,nemotron-cc-tower+-0.1,parallel/tower9b/nob_Latn,mt,nob_Latn,1908017878.36444,0.0226709932737432,
flag,nemotron-cc-tower+-0.1,parallel/tower9b/pol_Latn,mt,pol_Latn,4538854208.45965,0.0541442274942989,
flag,nemotron-cc-tower+-0.1,parallel/tower9b/por_Latn,mt,por_Latn,7889027205.83605,0.0874757803528132,
flag,nemotron-cc-tower+-0.1,parallel/tower9b/ron_Latn,mt,ron_Latn,3399614336.56029,0.033980098896677,
flag,nemotron-cc-tower+-0.1,parallel/tower9b/ukr_Cyrl,mt,ukr_Cyrl,3111322584.13589,0.0303554310869472,118118144738.027
flag,nemotron-mind-0.0,,,,,,
flag,nemotron-pretraining-specialized-1.0,,,,,,
flag,nemotron-pretraining-specialized-1.1,,,,,,
flag,openwebmath-0.0.0,data,,,,,
flag,starcoder-0.0.0,,,,,,
flag,swallow-code-2.0,stage5-auto-format/python/medium,,,,,
flag,swallow-math-2.0,,,,,,
